R,R_filter,G,G_filter,B,B_filter,AC_red,DC_red,AC_green,DC_green,AC_blue,DC_blue,RR,POS_AC,CHROM_AC,RR_filter,Pridict_SPO2,SPO2
186.40138225959288,127.3776847873264,127.31729433231206,117.11639496527778,65.77457529288097,82.59709407552083,,,,,,,,,,,,99
186.46952654700704,127.32513921440972,127.36735565134788,117.00722395833331,65.432047215003,82.54143023003472,0.0616052372685345,127.33285642722802,0.0615082031249954,117.04228515263308,0.0949898509838172,82.58317217158564,0.9799527755291652,0.0713719262383745,0.0622025254801481,1.0177342380694214,,99
186.53703771264105,127.50026215277778,128.25545151622492,117.15907421875,65.3040236387088,82.48155436197916,0.1503561885127557,127.41345041956018,0.1601289388020797,117.078148010706,0.0813565538194438,82.50336326316551,1.034868523212363,0.0962451003665832,0.1072715516915537,1.0374695176540276,,99
186.5632083412345,127.2432023654514,128.93488166107863,116.9175707465278,65.32287721365859,82.30553081597222,0.2877977828414335,127.4231390769676,0.2890875000000008,117.09879019097222,0.1692851019965345,82.43367080078124,1.0088912779467705,0.0666000530883896,0.1235922318843123,1.007226582258789,99.0,99
186.23572825212548,127.20504904513888,129.06670009861207,116.8436120876736,65.240393685606,82.13313943142361,0.4053081163194255,127.1276271592882,0.4541357675057924,116.77372625868055,0.3746157407407347,82.14179148582176,1.164266811452559,0.0475110752758074,0.1519104164602726,1.1645979947777192,99.0,99
183.88143586506848,127.40960731336806,126.53459326348782,117.1075554470486,60.422074724531626,82.40100629340279,0.4035800238715301,127.38702589699074,0.4053873878761403,117.04802502531828,0.2000492187499706,82.2862517180266,1.01625795259027,0.0836137510060214,0.1662800504807185,1.017482706634809,99.0,99
181.29516325926497,127.30156347656248,123.79277610391152,117.02324587673613,56.726236634656665,82.45329720052084,0.2983854021990794,127.30655719762731,0.2650026873553334,117.03267998046876,0.1522990415219936,82.43829641927083,0.911211798972969,0.1362715929795342,0.2228458523647084,0.9109378220103632,99.0,99
184.2732580305827,127.60226898871528,126.38572991156938,117.26334548611112,63.40565242849512,82.5214631076389,0.3014952871816836,127.47806182725697,0.2580133933738537,117.16530342158563,0.0799437065972436,82.49196716941552,0.8836495760493294,0.1286046333196274,0.251401557220975,0.8835555135702787,99.0,99
184.76222698924352,127.36631423611112,126.46097351775316,117.03270052083332,63.65280622519711,82.42897677951389,0.3332427336516109,127.48787218243636,0.2839370044849526,117.1510335792824,0.1316780707465189,82.48172080078125,0.8715471312555231,0.0931680653435354,0.1698905019317298,0.8722519429149626,99.0,99
185.13823773189335,127.55871799045138,127.01767073213878,117.21050499131944,63.97152669255642,82.41360687934028,0.274296176938651,127.43473264612268,0.2571093532986092,117.095846484375,0.0998961480034726,82.41391140769676,0.954977479938076,0.1116435320418055,0.1851967149863302,0.952951183009484,99.0,99
185.11087348581236,127.49455989583332,127.27910178774916,117.16188693576387,64.18008897630924,82.45043793402778,0.2499293004918811,127.56910093677662,0.2325472077546317,117.2239922092014,0.0645550130208201,82.42933748191551,0.9512173855263896,0.1042547466067589,0.155700212867769,0.951668758918834,99.0,99
184.85985622736533,127.45022157118056,126.84650813161927,117.0822804904514,64.07068439900753,82.448646484375,0.1748953378182903,127.43715637297454,0.1490558015046398,117.09798775679975,0.1001245442708181,82.4636611328125,0.9195088621657042,0.1073968224544325,0.1125877974314397,0.9197768786525344,99.0,99
185.20251604962016,127.61645095486112,126.66332075628036,117.19219216579862,64.95568498895058,82.46526410590278,0.197133250144662,127.5560993742766,0.1589704354745264,117.146686754919,0.1423548755787052,82.43320604745371,0.8866252374955369,0.0784910702174158,0.1634562761462716,0.8860298691979225,99.0,99
184.94197746936564,127.48167046440972,126.21023161118876,117.06195225694444,64.37922484703395,82.56672146267361,0.2015048177083168,127.54077522786456,0.1883086805555743,117.12035135995372,0.1227775499131818,82.52375679253471,0.968068874291801,0.0969704881005883,0.1201873473631822,0.9683064575282416,99.0,99
185.3808056662041,127.71155121527778,126.34254692605144,117.29424989149304,65.13061745356472,82.68180023871528,0.2314920355902695,127.57571337890626,0.243202611400458,117.15911928168404,0.1019500614872687,82.63256331018519,1.0372675811672871,0.1193428149751658,0.095311446677334,1.0370852518107516,99.0,99
185.7303207631271,127.62116547309029,126.9918026374265,117.22857335069445,65.4290506629714,82.6292883029514,0.282459382233777,127.71471242766204,0.2726064163772889,117.30473656322336,0.1327487485532273,82.65708080150463,0.9749753337081484,0.0940715511475681,0.1223326056368767,0.9745104608351232,99.0,99
184.339540535167,127.55525911458334,125.5663374165553,117.22450889756944,61.2260116770578,82.70192328559028,0.1859451497395757,127.5469859411169,0.194895786313639,117.18524914279514,0.133039467592593,82.66299799262153,1.0335228086980253,0.0680897680152976,0.11797398364884,1.0325762883176914,99.0,99
183.50485316265585,127.65801106770832,125.45538735257551,117.37427126736112,58.07148904493254,82.65887543402778,0.2603757306134412,127.65242645760992,0.2485009331597235,117.3476142469618,0.1152752567997661,82.69959343171296,0.9679093081453048,0.1105677854847519,0.0637669348108583,0.9693403323010656,99.0,99
180.76999578618404,127.4118855251736,122.19795109159485,117.13260970052085,52.583785926157546,82.52588780381944,0.353678754340289,127.49218078342014,0.3750796838831031,117.2144921911169,0.1759208767360845,82.56860706018519,1.0621558264685234,0.0892883482917185,0.2788641259987988,1.06207181769394,99.0,99
181.59317702989577,127.49720713975694,123.94066834821936,117.18541124131944,56.36309935892052,82.48205088975695,0.2053226851851926,127.44671772641782,0.2241343605324137,117.15011787109376,0.1423911096643507,82.50616087239584,1.0608842918474624,0.0474919348964003,0.1976073526711976,1.061110480127869,99.0,99
182.1938478141086,127.42258539496528,124.06633143510888,117.10889116753472,58.24144317513359,82.52557269965277,0.2518613823784875,127.50221723813658,0.2590631763599598,117.18938330801504,0.1285672019675928,82.50945515769675,1.022528230646543,0.0698424630602792,0.0817854100769956,1.0203282290389997,99.0,99
182.18386300638537,127.40219205729166,123.44801877749374,117.05580794270831,58.38210794852431,82.46144639756945,0.2146284469039438,127.37769285300926,0.2128290979455982,117.0509527235243,0.0997841290509266,82.5006121057581,0.9947518129241676,0.1125784969941948,0.1379664926696383,0.9969930179607952,99.0,99
181.7861867940452,127.35824880642362,122.79049949090184,117.01252723524308,56.93569525137245,82.37213216145832,0.1717252640335667,127.4052277126736,0.1830552264178256,117.05486804832177,0.1100549732349539,82.40605955222802,1.0486482675267992,0.0781763045954795,0.0682895264630372,1.0468302789658668,99.0,99
182.6174525012452,127.2891538628472,124.10928789397045,116.96206532118056,59.08193373835711,82.37107020399306,0.1930101779513928,127.3053759837963,0.1854261465566935,116.97112061993634,0.1135455982349502,82.37464551866319,0.9765857064538612,0.0691624452219092,0.0937839221252261,0.977180610187231,99.0,99
182.2733543214909,127.31223111979168,124.17361090282274,116.96096419270832,58.30563593388893,82.26238812934028,0.2112181351273036,127.2748488389757,0.2288781250000046,116.93214734157984,0.1599530164930598,82.30867477936921,1.0573160406431998,0.0664520487825671,0.0468712097892621,1.0581897694123243,99.0,99
185.9229030961681,127.511806640625,128.64730928503906,117.1983820529514,64.23323699991455,82.41541286892361,0.3191958405671409,127.45549618778936,0.3023716796874907,117.12208371310764,0.179401345486119,82.33408839337383,0.9558384692660808,0.1348609824294085,0.1634611613669325,0.9558218791265992,99.0,99
185.98330972500088,127.3873818359375,128.34609421712705,117.05692133246528,64.38123748897054,82.39551302083333,0.1812937102141243,127.433985724103,0.2095184136284605,117.11755439814814,0.1683111074942383,82.41219511718751,1.0950716254846056,0.0818986455692919,0.1397030410135702,1.0960266689825149,99.0,99
186.88275188810215,127.43053645833334,129.24753314192628,117.054578125,66.20327035897212,82.43566514756944,0.1187056821469813,127.40775073784722,0.135319462528911,117.0587261537905,0.1025598958333238,82.41572306857638,1.076812023400016,0.0409877095163844,0.0641890085186406,1.0753722044209275,99.0,99
185.1858961305421,127.30819856770832,126.87785663252994,116.91807584635416,62.62088273077752,82.36775368923612,0.1428007378472211,127.38323629195602,0.1330245225694435,116.98902625868055,0.123441887297451,82.40637650824652,0.9699642853092992,0.033976145382281,0.0793067887288701,0.9698613790856344,99.0,99
183.04350833795232,127.4174353298611,124.6516093868034,117.0398097873264,58.03696454413533,82.37203016493055,0.2114407588252286,127.32533627748845,0.218568218315985,116.9447601417824,0.0982361545138947,82.36930377965857,1.0231098770948637,0.0810463717059178,0.103419851236999,1.022854223006082,99.0,99
182.33928706919244,127.36988194444444,124.4895252579077,117.03777528211803,57.664386008229066,82.35989724392361,0.2558277090566894,127.43956010561342,0.2462451388888927,117.08257457320602,0.084178150318299,82.36003083043983,0.981841486197712,0.138048653374173,0.1017745319910405,0.9815654840026558,99.0,99
182.0201343583668,127.5579167751736,124.47843653996487,117.23479329427084,58.62867894383814,82.48186621093751,0.3179617983217392,127.40284464699076,0.2850742078992984,117.0834998155382,0.0929724862557847,82.41159599971066,0.9139552659678462,0.0965309976927019,0.1428723440746546,0.9147054672348144,99.0,99
184.34857889756844,127.50316569010415,127.3868994563144,117.17384895833334,63.27791148122496,82.520693359375,0.3894025173610879,127.59933689959492,0.3638804434317051,117.2709988425926,0.1164173828125091,82.52239672309027,0.9320376911156988,0.1295078751078238,0.1866930587167505,0.9320047128390664,99.0,99
184.9393502342445,127.55378385416664,128.07210555740167,117.18077018229164,63.843232784912885,82.45348958333334,0.2808354564525567,127.48230028935184,0.269060351562482,117.1294661964699,0.1021855938946865,82.47554397424769,0.968833186540468,0.1527901188038187,0.1421141999138612,0.9686798819642136,99.0,99
182.69393727955136,127.38068142361112,124.84404915705808,117.0149519314236,57.42076332270249,82.4796376953125,0.2886799696180702,127.50257140118632,0.2829949399594658,117.13302280815972,0.1447103804977079,82.48042720630788,0.986519157452042,0.102887828816599,0.1450649700923131,0.9852906842333108,99.0,99
182.75987568127405,127.46996375868056,125.65686236634652,117.06652105034723,59.430565325729546,82.35210536024306,0.2771296838830977,127.38843015046297,0.2446465567129455,117.00717698567708,0.1557401656539165,82.40303893590857,0.915202351631032,0.1434861082267083,0.2094431508052424,0.916050769095468,99.0,99
185.26109412244816,127.44250141059028,128.1904459178011,117.02879644097222,63.85087816856017,82.40528396267361,0.2352448423032427,127.48255179398149,0.1771877748842588,117.0684103551794,0.1516946759259245,82.38413218315972,0.8407764355593688,0.1062811105246608,0.1941791541472072,0.8409077822685206,99.0,99
186.37143368294423,127.55951182725694,129.61212640222897,117.15953276909724,65.18546928798143,82.36203287760416,0.1972555555555601,127.49179633246528,0.2017452618634213,117.0825728985822,0.1029002748842685,82.3797181568287,1.0135322716370632,0.1260831364566163,0.0542188832460244,1.01348025096217,99.0,99
186.4662013449287,127.45366970486111,129.5046810131261,117.08256271701389,64.84366109894567,82.43990375434028,0.1948068793402796,127.5254910192419,0.1982335358796243,117.1392422019676,0.1182664605034763,82.39962876880787,1.0114065276697377,0.1375584597050664,0.0696228580351984,1.011593789080138,99.0,99
183.7494878491892,127.4295422092014,126.54489890253645,117.03541742621528,59.11392028002673,82.35801019965278,0.2090457175925777,127.4236482566551,0.1586031322338134,117.04779697265626,0.1360169632523256,82.40427267433448,0.8514700632636408,0.1230070455316728,0.1136957692555645,0.8520984376496992,99.0,99
182.9223206871117,127.28023426649308,124.98390655445482,116.8705187717014,58.94762115517175,82.35633376736111,0.192852669270826,127.35502936197916,0.2071029622395954,116.9526907986111,0.0910152741608849,82.35270792824075,1.0453274451675585,0.0875831549960812,0.0968365607105779,1.0447213638612476,99.0,99
182.93411407910756,127.3780859375,124.52623633888255,116.9333835720486,59.47761933074036,82.33398253038195,0.2160798611110948,127.33256692346644,0.2103673683449457,116.90117118055556,0.0850878038194465,82.34434214048032,0.982643853933558,0.0804527224056991,0.1217820554606921,0.9830175521771048,99.0,99
182.03378341178325,127.33351595052083,123.51089362935502,116.92367903645832,58.55253008384814,82.34796256510417,0.2123821759259172,127.336957421875,0.1889534035011663,116.91140106698496,0.0947227900752404,82.34384444806135,0.9324874952516328,0.0521481219722116,0.0823243199081622,0.932623241536336,99.0,99
181.53357251093567,127.3995707465278,123.51835842839662,117.03378298611112,57.73968846666328,82.35114160156249,0.1982324725115863,127.39378277994793,0.1537295319733686,117.00133497178818,0.0933715856481336,82.34041810619213,0.8640996400036053,0.063618049970531,0.068146779262359,0.8632549955810802,99.0,99
181.2079514474744,127.38277256944444,123.96578268189091,117.05838997395831,57.32452650544694,82.33433138020834,0.1392246455439926,127.36843961950233,0.1278301106770659,117.02698473307292,0.1238068250868077,82.3601228804977,0.9561785123636484,0.0732824306470528,0.0540114696430462,0.9565160065981674,99.0,99
181.6240558952915,127.38398546006944,125.25206769252428,117.09115766059028,57.58563407628221,82.35683984375001,0.1644619755497913,127.40798504412616,0.1613557110821574,117.09764404658564,0.1330115559895849,82.31982206669561,0.9927315655419062,0.1180644584988496,0.0409505851546106,0.993434554090938,99.0,99
182.8344501100492,127.48975217013889,126.78925764853946,117.16321918402778,59.73494496263736,82.433068359375,0.2049929542824221,127.39791729962386,0.1545240162036927,117.0985115342882,0.1234616536458365,82.41007751374421,0.8480240557372599,0.0922323726300044,0.1146039578535951,0.8468373332357996,99.0,99
185.5019790621852,127.59283843315971,129.38468917882724,117.23567936197918,63.73938526431567,82.44939246961806,0.216796582031218,127.5914046947338,0.2282898111979036,117.24608776765044,0.0860126302083509,82.44639769241897,1.039827082745019,0.0809394597281909,0.16011794658008,1.0401991049048624,99.0,99
185.7218490727906,127.50756293402776,128.4147948767061,117.09560633680556,63.864516109277,82.42433181423611,0.2136181459780137,127.51476618200232,0.2191065538194389,117.13029151837382,0.0784477177372887,82.43617800564238,1.017595153910192,0.0925614257964465,0.0907753428188299,1.0173810890520452,99.0,99
185.502503621632,127.60469911024305,127.34703584942687,117.16510774739582,63.64689298908719,82.46750455729168,0.1858517975983763,127.5789677481192,0.1880112232349403,117.1500636465567,0.1043064091435302,82.43079679181135,1.0059371108842057,0.0882653963286574,0.1117201373158513,1.0059705563022276,99.0,99
184.93520898965423,127.50485004340278,126.24302120879112,117.06161187065972,62.57262655592148,82.46056749131944,0.1307680736400342,127.56313530815972,0.1388091362847314,117.12080298755788,0.1658415762442032,82.49632003038194,1.041953381314879,0.0841347256002693,0.097334008154019,1.0416401761741856,99.0,99
182.3914815303494,127.5397375217014,123.50780379460458,117.10676399739584,57.62045563533218,82.39262131076389,0.2063460177951222,127.50185809461804,0.2388073133680525,117.0624976526331,0.1799255606191929,82.39641111472801,1.1084914098696497,0.0908945005869597,0.0914948599076837,1.1083107964507626,99.0,99
180.5107179260547,127.33709581163195,121.45998014980844,116.92256477864584,54.10313829240811,82.35163758680555,0.2506430627893683,127.4505513599537,0.2330565610532289,117.03167664568863,0.159522175202539,82.40078136574074,0.949668728852753,0.0719862531129134,0.1126455976783129,0.9512161980250556,99.0,99
178.48066183474754,127.40702983940972,118.6019983896935,116.95549620225694,50.6066667767487,82.25801334635416,0.2562449978298587,127.36485924479166,0.2311870551215297,116.92785672381366,0.1803986834490695,82.28060763888888,0.9300387048473634,0.0883461888381011,0.1537339626282996,0.928872077344664,99.0,99
178.88932045949107,127.24564605034722,120.27033723071938,116.76881521267362,54.19920346356553,82.26126345486111,0.2189364728009289,127.32711656901044,0.2288500542534464,116.86382261646412,0.079990527343744,82.26454801793983,1.0358804594875468,0.1088485165009549,0.0849006466755666,1.034684914007058,99.0,99
179.62685116205387,127.3530627170139,121.19597501325342,116.89462955729168,54.46911660335077,82.23241417100694,0.2084770363136655,127.26315190610532,0.2158517035590202,116.7959091543692,0.0743011031539287,82.24578529730904,1.0237993901702196,0.1177418784915069,0.0773576147893613,1.0242167656415635,99.0,99
180.25660496542213,127.32825119357638,122.42308239224154,116.90164605034722,55.83169982110884,82.21559722222221,0.2636063006365977,127.39030060763888,0.2431812897858795,116.94278108362268,0.0849382378472227,82.21758658854168,0.9439570841298728,0.1143125273999051,0.1293249088476784,0.94437546491925,99.0,99
181.5041854298721,127.34422233072918,123.68432816499194,116.9393603515625,57.92756162508952,82.26452137586806,0.220753685619231,127.2937472583912,0.1905462818286896,116.8846525499132,0.1057203559027608,82.24736335358794,0.912039455396037,0.0787194420373108,0.1298091248870802,0.9123970985032616,99.0,99
182.2729247858005,127.39424913194443,124.48190606111828,116.994107421875,58.18933728566497,82.20831249999999,0.2169918655960344,127.41481376591432,0.1985872323495432,117.011042328559,0.1113829680266216,82.23626279658565,0.9450186759823566,0.0987812929096433,0.1336393238261577,0.9435277896349048,99.0,99
182.0257635931135,127.2818757595486,123.80978158443288,116.85834114583332,57.42712358235538,82.2404538845486,0.267692089843743,127.29948573495372,0.2413311089409859,116.89317394748264,0.0907250434027758,82.215692223669,0.9275462805077298,0.1086987962557866,0.1358394926030391,0.9297314447033144,99.0,99
180.69786815956223,127.51338921440971,121.70178518968038,117.03537554253472,55.81804821988774,82.25272645399306,0.2077582212095061,127.39584718967014,0.1883928493923751,116.94130212673612,0.0848563910590091,82.25524702329282,0.9448081097830048,0.1263232362575764,0.1128755459255454,0.9447654612385326,99.0,99
179.16053704099568,127.4509765625,119.4960088796486,116.93034819878471,54.500037350707125,82.22033669704861,0.3368933593750094,127.48587348451969,0.3107058702257096,116.9892502097801,0.0887526620370389,82.2442105432581,0.9325022969788738,0.1093006927985424,0.1731120719510508,0.9315164330711804,99.0,99
180.2497652176743,128.118275390625,120.43227666035868,117.41552875434029,56.60707542974903,82.17159418402778,0.585333185040487,127.78013702980324,0.4873198206018301,117.16509477358218,0.1075309136284739,82.1804206995081,0.7392887403748578,0.3108292019799738,0.5969367495400232,0.738720443262952,99.0,99
183.20986399029664,128.06398611111112,123.71022374639976,117.41215625,60.10268889982705,82.17937760416666,0.4735603841145774,128.1276949435764,0.3530738823784593,117.44255172164353,0.0829404513888988,82.18243597366899,0.7043431557491296,0.374801767527293,0.6169428907134883,0.7016851834646943,99.0,98
184.98078780389056,128.06917230902778,126.33239761204788,117.47730316840278,61.94575243164481,82.23015842013889,0.1024932834201327,128.05718168402777,0.1096905852141384,117.42939898003472,0.0921412543402775,82.1976052734375,1.036725176198301,0.0470697452526837,0.1610352577184193,1.0395339093281328,98.0,98
185.9527027818688,128.0792566189236,128.47600806386927,117.5837160373264,62.95867124763314,82.28524207899305,0.0641619646990789,128.0803835901331,0.091420164207175,117.53803841507523,0.0758735966434997,82.26477219690393,1.150029254558006,0.0322849315647147,0.0543999826791598,1.149728102373589,99.0,98
186.56082777379524,128.0288083767361,129.73907791286845,117.56564615885416,64.23162092860275,82.24758897569446,0.0618737666377313,128.05727742693864,0.0944594618055626,117.58414111689817,0.1010353117766432,82.27111775535302,1.181160692608519,0.0224554058534932,0.0749854485368757,1.1821150853751634,99.0,98
186.7205719455974,128.02744932725693,129.8111594997875,117.56552387152776,64.61811090948771,82.26059233940971,0.0833190899884162,128.01841709707753,0.0864685438368183,117.56191375144677,0.092515339265041,82.24368708405672,1.0156608707994117,0.0174242121619775,0.0468477410475797,1.0158517770917836,99.0,98
186.6120295492352,128.08659309895833,129.18791801449973,117.6044875217014,64.74201538656247,82.33792154947918,0.0663994936342651,128.0559420283565,0.0805502170138765,117.58291813512731,0.0637542715567064,82.29873203848379,1.0774365295219837,0.0154321336809172,0.0373359586688323,1.0766676817984415,99.0,98
186.55583135118948,128.09383094618056,128.13206711581398,117.56999359809028,64.7555650958284,82.32196896701389,0.0850124204282394,128.10197693142362,0.1021418221932899,117.60076516927084,0.0990359374999968,82.34767116970485,1.0794942517053725,0.0194573217384978,0.0334201120598925,1.0798826892119209,100.0,98
186.2511337706836,128.00523697916665,127.36078544977676,117.42897992621528,64.33496754492971,82.17819032118057,0.0945279586226935,128.04549308087385,0.1011202437789506,117.49183804976852,0.0950390082465256,82.24412216073496,1.0313501476253542,0.0149077065784561,0.0229813468775532,1.029212667537169,99.0,98
186.1921740372649,128.04813259548612,127.56213234318086,117.4917082248264,63.97942325430334,82.21987261284723,0.121692292390062,128.0204693033854,0.1409134186921136,117.45100789568866,0.1393578595196752,82.18787867115162,1.0890305239956175,0.0148615707324021,0.0250736421887788,1.0910115630381405,99.0,99
186.28942856118323,128.0373759765625,128.2726968516427,117.50279991319444,63.96138052176601,82.20042654079862,0.0808165292245367,128.0467429723669,0.1085791160300918,117.49734207537615,0.1173762152777792,82.2143859628183,1.1325786457452869,0.0199322279273969,0.0256272591614169,1.1322810138493964,99.0,99
185.32289042582423,128.05048187934028,127.71411505462255,117.6006296657986,60.76177650308624,82.2702900390625,0.1067042462384245,128.03656273871528,0.0974390914352123,117.5493331778067,0.0961524450231725,82.22986841724537,0.9675988391999034,0.0232029568887185,0.0673238950428816,0.9674799379835172,99.0,98
187.05739078995148,128.11236946614585,130.53365579914592,117.66873969184029,64.75024728959428,82.33890983072916,0.1039617621527682,128.08525877821182,0.0888847547743334,117.64058637152776,0.0708261212384324,82.30564600694444,0.945471031526941,0.0167008156626351,0.0614313999523624,0.9453599710341702,99.0,98
187.1718104857117,128.1067853732639,130.11595849125038,117.60861241319444,65.18245590373779,82.35196527777778,0.0826071144386474,128.12231984592017,0.1169616174768762,117.65860122974536,0.1163776945891323,82.36265340711806,1.1579595491756485,0.0261439012867035,0.0376711511959077,1.1570271132862189,99.0,98
187.01614465111376,128.05360243055554,128.6224783989945,117.47288921440972,65.34775383843129,82.29678624131945,0.1109087854456163,128.06476313657407,0.1350581271701324,117.5246730179398,0.1265056495949224,82.30897575231482,1.1006157454789187,0.0241471464498836,0.0315690770383634,1.101084378262978,99.0,98
186.82508072534668,128.10551432291666,126.61258547610517,117.45133648003473,65.31546597735215,82.34316471354167,0.0960840350115896,128.08356475694444,0.1104193323206108,117.4608931170428,0.0760699291087893,82.32416110387732,1.0594637791313488,0.0218124281739868,0.064810060468445,1.0594606323412965,99.0,98
186.33219760482905,128.11481293402778,124.78212316636946,117.41356901041668,64.67064522070667,82.35077669270832,0.0671154369212851,128.11408934461804,0.0998485604745273,117.42949053096066,0.074713266782408,82.34726506076389,1.1827835208830366,0.0231303695630776,0.0526877981015267,1.1836384046872832,99.0,98
185.8795824997349,128.0583257378472,124.20432367149547,117.42070768229168,64.14848014941424,82.34511284722223,0.0873437282986126,128.0868462818287,0.0989422200520886,117.41338531177662,0.0918457573784815,82.34753591218171,1.055822614965316,0.0224219436420746,0.0726207444440733,1.056114316232368,99.0,98
185.507668211074,128.0065509982639,124.63792419257555,117.46573068576387,63.84748390205255,82.32962293836805,0.0851021737558231,128.03371142939812,0.1139782949942006,117.44506868127893,0.0877148726851799,82.33966244574653,1.1345808610284072,0.0120137368711286,0.0662234364637713,1.1334874697004556,99.0,98
185.28333608880845,127.92719227430555,125.9018191998893,117.50206684027778,63.56608249436992,82.32720865885418,0.1972136320891384,127.94560193504051,0.1916786277488393,117.45857156032986,0.2436209490740802,82.29583352141204,0.9915978285707088,0.0118606898786002,0.1118142970578534,0.9903646453588054,99.0,99
185.4341060507577,128.2683053385417,127.61877726612816,117.9390099826389,63.56489550504271,82.75529524739584,0.2937630533854236,128.09432833478007,0.3724206741898166,117.74517907986112,0.4420744502315036,82.57491358868634,1.2787000327493472,0.023345559726236,0.1963422602781667,1.2788143507649994,99.0,99
185.8688667666841,128.30498697916667,128.54604734019216,117.85481477864585,64.01082791880506,82.66693760850694,0.2414267144097256,128.3272037254051,0.2800603732638932,117.92646546947338,0.2537199074074081,82.72890694082756,1.1636957048109704,0.0386490915125517,0.3069309666024126,1.1657760808828597,97.0,99
185.9887795088312,128.29644748263888,127.81043008521787,117.79068858506945,64.61352540336118,82.63678678385416,0.2061782769097144,128.26226118344908,0.2059985351562488,117.78312936197918,0.1769440899884239,82.61073267144097,0.9992831874995092,0.020563202215988,0.1936007139307435,0.9985415609702568,99.0,99
186.29938701280696,128.42444954427083,126.49172033037593,117.8709921875,64.76458719291486,82.79298394097222,0.2143118742766157,128.39994289641203,0.2697319010416734,117.87484711371528,0.3004212239583305,82.76712600188078,1.182424572353189,0.0233828324027808,0.1179387685829682,1.1814847901140844,99.0,99
186.5324085201381,128.23276931423612,126.27030731257108,117.59476302083334,64.48795188106837,82.508611328125,0.194356159577533,128.3174976526331,0.2249749276620292,117.71810945818864,0.2450914858217582,82.63359858579283,1.1029179592432687,0.0251490516655117,0.0772968749106198,1.1042450109837154,99.0,99
186.74594990658437,128.25318424479167,126.54236570793432,117.59725759548613,64.35594563491848,82.52807085503473,0.137326417824057,128.23421609881368,0.1934234953703631,117.58128160445602,0.1770121383101922,82.50643148148148,1.219494710809226,0.0130237042747912,0.0266346849866561,1.2184465194077398,99.0,98
186.4518553330585,128.25616655815972,126.75154145115212,117.58050325520834,64.0002119540517,82.49136284722222,0.0712000578703623,128.2569032913773,0.101475065104176,117.58717821180556,0.0997684859664597,82.5080320457176,1.1538470900833098,0.0140023105851349,0.0436110499745231,1.15423158082842,99.0,98
186.11831063550795,128.28059309895832,127.09728164732864,117.639908203125,64.52395483146815,82.57087727864584,0.0708408022280262,128.26904932725694,0.092097034143541,117.61163668258102,0.1215999131944276,82.5272564416956,1.110472188765398,0.0178906849674458,0.0298529129412669,1.111569465243066,99.0,98
185.8230462046546,128.198892578125,126.12782105900337,117.53041525607638,65.00435043092952,82.49974066840278,0.0997678421585618,128.25396440972222,0.1336253978587995,117.60584254918982,0.149803081597209,82.55944784432872,1.1482553361610752,0.0176589275280847,0.0295246038260891,1.1472503093526492,99.0,98
185.70619676164176,128.04472515190972,125.54721666214752,117.34028971354168,65.1410419573482,82.32837065972222,0.0919927662036902,128.10950872757522,0.1128694227430367,117.42045090422454,0.0909368308738426,82.40313728298611,1.0957948983874646,0.0219864049349627,0.0349748888782274,1.095526212442972,99.0,98
185.6306082647448,128.00096430121528,125.231061742489,117.26527387152778,64.72502385828841,82.28200770399306,0.0919557906539385,128.0222734519676,0.143759950086779,117.30083364438656,0.1056482313368196,82.30184626012733,1.2356814724157836,0.0275415051720314,0.0324008398043965,1.2357320029347043,99.0,99
185.28191889343785,127.92803537326388,125.11935341917992,117.163810546875,64.2841508632168,82.18972243923612,0.0706949797453811,127.9643109266493,0.1127493742766091,117.21609626012732,0.0689285951967524,82.23720124782987,1.2164775909147303,0.016303126221352,0.0241093546774172,1.2160615056456503,99.0,99
185.01448861061283,127.88883930121528,125.16586252098962,117.09517274305556,63.94074590732259,82.13833810763889,0.0830831380208384,127.89471540075232,0.1402798321759314,117.1085371021412,0.1057753327546469,82.14519571759259,1.2688123749846565,0.0138334186438547,0.0288239305015856,1.2685867622145623,99.0,99
184.8568167755769,127.98127701822916,126.144341995948,117.22313324652778,63.9090148710337,82.251861328125,0.0941844979745473,127.93503799913196,0.1413137550636538,117.158762145544,0.1084903067129705,82.19523733723959,1.2061326580629903,0.0130885589776826,0.0330064734833171,1.206894176497643,99.0,99
184.88553547350827,128.05983441840277,127.07104686321284,117.35292664930556,64.00906989961882,82.34777549913196,0.0706371853298714,128.02715402560764,0.0959753906250104,117.29564133029514,0.0692489872685157,82.30794761284723,1.1369276613039814,0.0114495047207416,0.0277381469333556,1.1360423441714536,99.0,99
184.9657703931057,128.06643619791666,127.76834043959138,117.39918608940972,64.35341040990514,82.36346430121527,0.0773734592013828,128.0626715024595,0.1091839843749899,117.37484552228008,0.0922515480324051,82.35350925202548,1.155211707801073,0.0120984758097608,0.0328365709980125,1.1551222383491908,99.0,99
184.99662445708256,128.13651963975695,127.90531406052722,117.52307074652778,64.49341985174117,82.46101117621528,0.0930103660300791,128.10380308159722,0.129649880642358,117.46799968894676,0.1185202510127353,82.4174634548611,1.1645234169986467,0.0090862683640183,0.0276943294839456,1.1648815135289,99.0,99
185.17253428638347,128.09423003472224,127.41415700966108,117.48789203559028,64.47993807842253,82.41123101128473,0.0992524269386288,128.1183431676794,0.1313713505497759,117.50910696252892,0.121636187065961,82.43897786096643,1.1389777327734472,0.0100796876620438,0.0252706375953012,1.1387770168675313,99.0,99
185.07366958572567,128.07716004774306,126.64553600807332,117.4832424045139,64.23844268015273,82.41998795572916,0.1037621129918761,128.0903109664352,0.1114376157407661,117.48876725260416,0.0935493670428148,82.4174250253183,1.032723258427466,0.0200527967547721,0.0413959124187029,1.033105602822468,99.0,99
185.05992746138975,128.1554177517361,126.65821913372068,117.5485261501736,63.896628832296,82.47215581597222,0.1277113462094727,128.10062268880208,0.1341850151909805,117.49980990306712,0.1070593315972066,82.43011017433449,1.025694373016082,0.0190150850980341,0.046693235876993,1.0293108820345669,99.0,99
185.2002720663715,128.15342057291667,127.9492169255298,117.59062315538196,63.85039092829818,82.4647165798611,0.1182739474826348,128.17843098596643,0.1521870840567387,117.59410513961228,0.1509805266203755,82.49846777343751,1.1526875426981211,0.01227316024178,0.0681603085808308,1.148193043483872,99.0,99
185.37205818430184,128.09288736979167,129.02783202275813,117.55572428385418,64.40024218058878,82.3872734375,0.1303952401620335,128.10423458116318,0.1550088288484075,117.55408075448494,0.1394918077257078,82.40235273799189,1.0951285271216613,0.0205202803506203,0.0949297370315063,1.0959319664041258,99.0,99
185.26894553154995,128.08573611111112,129.30426350057638,117.5820456814236,64.67794915532211,82.41965147569445,0.0649266782407427,128.09571217086224,0.1100663773148288,117.58177366174768,0.0915304181134316,82.40988862485531,1.245070586488634,0.0139307744939232,0.0494237562301602,1.2445306249859187,99.0,99
184.3544812184588,128.02246278211803,127.50699679719553,117.47819194878473,63.26996956012909,82.38064203559027,0.0825571289062456,128.05580241247105,0.1058081633391376,117.5304660192419,0.0830676432291738,82.39876177300347,1.1260491026577724,0.017060422559929,0.0333348062977909,1.126579533630592,99.0,99
182.4685654172682,128.01947265625,124.80289100615902,117.47862239583334,59.192882946587005,82.457162109375,0.1228198712384236,128.0155005931713,0.1352273943865782,117.47345261501737,0.1219805447048647,82.41536734302662,1.048586199432742,0.0322249289284658,0.0631794536739259,1.0493467685992184,99.0,99
181.1639851785957,127.87744737413196,123.27198186081831,117.29118804253471,57.35889195843585,82.29778830295139,0.1722920464409582,127.95050247395832,0.1783294777199264,117.386370916522,0.2193496057581076,82.3954841724537,1.0226867425030988,0.036342427732411,0.0447747270925707,1.0214334252150303,99.0,99
182.98021726659923,128.06744672309028,126.26647457020536,117.4827373046875,61.362937133052256,82.41671983506944,0.255794925491899,127.9541484157986,0.2561537000868327,117.36329856770836,0.258418511284717,82.32696425419562,1.0019772158629108,0.0395089321302925,0.1054342984865399,1.0026075181760905,99.0,99
184.38895217694227,128.06702202690974,128.44363168686874,117.50661610243056,63.829477941938606,82.422037109375,0.18789949725118,128.08736295572916,0.1789333369502282,117.51309658203124,0.161014673755802,82.43674835069444,0.9768498423436583,0.0275625837111389,0.1184716172955775,0.9789473728997156,99.0,99
184.4147648437277,128.08092534722223,128.95224787591874,117.55921831597222,64.84505305866138,82.45542795138888,0.0749878942419058,128.06855597149885,0.0913661892361024,117.53017982494212,0.0782521990740718,82.43109526548032,1.0847278045393625,0.0111232284953439,0.0539413624017187,1.0821491277426696,99.0,99
184.5673202650782,128.08195182291666,129.12664360296282,117.5899704861111,65.14902604880136,82.52058007812501,0.0896940574363923,128.09187347366898,0.1330172345196487,117.58765184100116,0.104466590711794,82.50256493778936,1.2029756799237925,0.0236384900931076,0.0384218108178556,1.204641331329446,99.0,98
184.9276826019874,128.01528385416665,129.63870005312972,117.5236960720486,64.97622793315763,82.41256065538194,0.0896982711226882,128.0375388961227,0.1316805157696743,117.54547524956595,0.1482915039062438,82.45821336805555,1.193672818061523,0.0253430040308665,0.0354504818171177,1.1919306561086762,99.0,98
185.1327767856952,128.03872905815973,130.51463392504402,117.59987174479168,64.65579813363884,82.42160785590278,0.0817645218460422,128.02893585792825,0.1119441116898148,117.56316814959492,0.0912025896990825,82.41851521267361,1.1466409196787068,0.0266472511378557,0.028962116503856,1.146656230844044,99.0,98
184.95754994939549,128.04391742621527,130.44226543950307,117.6262292751736,64.16188301743223,82.42642024739582,0.0809669704861012,128.0348683376736,0.1182025896990556,117.60649096137152,0.0876653682002455,82.4157630787037,1.181200667232031,0.0270404431064104,0.0452455283485388,1.1791767757494125,99.0,98
184.57403049081665,128.19615950520833,129.00587180872114,117.76680099826388,64.51236000475623,82.62465570746528,0.1349743598090289,128.12476579499423,0.1508847620081032,117.70812956452546,0.1542793909143691,82.5253171766493,1.0629041864821909,0.023071070557515,0.0774678174153523,1.065253265156156,99.0,98
183.93278819217815,128.13888172743057,126.33428624781592,117.57857074652776,65.13074910071622,82.60346419270833,0.1366045934606574,128.1782166232639,0.2133950520833455,117.69232460575812,0.1713198097511603,82.6290808738426,1.2946883838361685,0.0469608715544748,0.0644743676466339,1.2937756991841034,99.0,98
183.7992392223767,128.09289442274306,124.42141611090324,117.37719932725696,65.16125357064993,82.58092545572916,0.0657617838541407,128.11206671730324,0.1235282226562441,117.46896691261574,0.0886076171875013,82.59292611038772,1.3019901743729585,0.0461064081349605,0.0960843253901004,1.3025377175317894,99.0,98
183.6297744572516,128.04709993489584,123.79275139257464,117.2273415798611,65.56392175373537,82.52683365885417,0.065528974971058,128.06462133246526,0.1392397171585869,117.28579965639469,0.0899263274016144,82.54681347656249,1.384101676341528,0.0614341889470204,0.102637645385324,1.3837099132601476,99.0,98
183.50634342166623,128.05897601996529,124.2869085778299,117.2361023220486,65.14673807340269,82.53347287326389,0.0747008861400511,128.0539804615162,0.1354534758391324,117.23113060980904,0.0855483904803065,82.53238878761573,1.298528037927342,0.0195305286294413,0.0483320850394567,1.2984257743482468,99.0,97
183.58002115431552,128.11676551649305,125.91182434603594,117.35143663194444,65.18072625967926,82.52830088975695,0.0935047272858752,128.0898741030093,0.1619885633680889,117.29088696831596,0.0790455692997591,82.527312109375,1.3038401404767366,0.0725403549762525,0.0369364633744351,1.3041607323488114,99.0,97
183.79940760679776,128.07071592881945,127.97402582177943,117.40735904947915,65.24708144055549,82.47889832899305,0.0916854817708311,128.10091097728588,0.1007360785590316,117.38595056785302,0.0913595196759075,82.51383993778934,1.044697110738195,0.0748464557922709,0.1376972794115602,1.0447864874994952,98.0,98
184.1179774900098,128.01859613715277,129.11798531350243,117.42163563368057,65.43072022269195,82.4377275390625,0.1223955041955965,128.02846223596643,0.133529951533579,117.3973765661169,0.0867932544849461,82.44892698206019,1.0393319439820037,0.0601504909534743,0.1199544364446269,1.0386883813504213,99.0,98
184.33159777241937,128.0523288845486,129.35696617537522,117.48957975260416,65.69183666259207,82.44822960069445,0.0962238353588053,128.04505416666666,0.1614181315104322,117.47074074797456,0.0731916630497446,82.44114261791087,1.3010552410565055,0.064984957342682,0.0781812018806023,1.3011919465056965,99.0,97
184.21922205954897,128.0397277560764,128.38264289680842,117.46126030815972,65.49383786903543,82.49216872829861,0.1167802734375171,128.04202292390048,0.1770965892650451,117.4769506112558,0.0915162254050698,82.46733720703126,1.2403441410074625,0.0645781400036089,0.0254265906433117,1.2409163169183253,99.0,97
184.33317435549583,127.98942740885416,127.86304586856262,117.363875,65.6103582453606,82.46140397135417,0.0868238100405041,128.02630755931713,0.1339144169560047,117.43003654513888,0.1084275860821572,82.49176365017361,1.2181372151029597,0.0518396506406908,0.0224627310058579,1.2181341081680397,99.0,97
184.65524206491065,127.88855099826388,127.91016892202236,117.1918955078125,65.88680418423611,82.3509958767361,0.0853424623842423,127.92836791087964,0.1414848343460704,117.26321196469908,0.0974023220485927,82.4008954969618,1.2594244752426689,0.0313110597521562,0.0370765337833263,1.25916690323926,99.0,96
184.8208283022836,127.85231380208332,128.52566945936533,117.13240527343751,65.71958066536068,82.31051030815972,0.0819813657407422,127.86632747034145,0.1539633246527751,117.14375243055557,0.0838056966145974,82.320947052228,1.3393347236611004,0.0273815870763952,0.0546640263687525,1.3391933793706268,99.0,96
185.1984628416174,127.86132215711804,130.44543988252673,117.19954459635416,65.84356548898344,82.30088943142361,0.0716448784722108,127.85885986689814,0.1248136791087953,117.16892787181716,0.0758187789351878,82.30999498336227,1.2686624000714302,0.0308089381322672,0.0530659218010415,1.2678729923414864,99.0,96
184.87872841874903,127.78850748697916,130.93677516674674,117.23754676649304,64.7044194815447,82.27220008680555,0.0890948893229235,127.83224000289351,0.1143451388888929,117.23569090350117,0.0730732494212948,82.29054147858797,1.1148846531572625,0.0461500524601491,0.1153203180046169,1.1147353090125969,99.0,95
183.0670464449481,127.67211328125,127.96449333560192,117.12456803385416,62.51930408141709,82.20450878906249,0.1524533600983431,127.71042982855904,0.146928935185195,117.1702464952257,0.1092759006076296,82.22576877170137,0.988187001320151,0.022433765469042,0.0966214295258968,0.9892243064640956,99.0,94
184.51164640051135,127.77110373263888,127.08273246149083,117.08058213975694,67.54734635995875,82.31974945746528,0.1639179000289264,127.73050657190394,0.164058539496554,117.1094722837095,0.1288731336805629,82.26280474537037,1.0174307024046698,0.050367706031906,0.1424936499235655,1.0174986793106209,99.0,94
184.75550000200585,127.7485894097222,126.41405273236931,116.98373621961804,67.51858904447732,82.2541875,0.1198519603587915,127.7779398654514,0.1741066080729524,117.04771771195024,0.1531819227430526,82.31788679108794,1.225596107551874,0.0368986210427914,0.1171872671711723,1.225473063968243,99.0,94
184.4929724254401,127.63703504774304,127.03879674949026,116.88722254774304,66.55370052733993,82.12703016493056,0.1248629412615907,127.67415388454862,0.1858875868055733,116.90394227792244,0.1985395073784701,82.15794848451968,1.2443619530194296,0.0480205069974293,0.0736854906439165,1.243917883598292,99.0,94
184.9719139870625,127.65026291232638,129.29663009297536,116.97544921875,66.48903008040797,82.10438715277778,0.1205859121817041,127.64889845558449,0.1662236291956039,116.93554930193864,0.127474808304376,82.12933250868056,1.1769124683562695,0.0322974823671671,0.0511239118905073,1.1754276779678028,99.0,94
185.1241512433413,127.92393663194444,131.10930355839588,117.36497819010415,65.76893596815798,82.32514366319445,0.2499001519097205,127.74343692491318,0.2949706054687558,117.13368470413772,0.4334405128761318,82.22493089916088,1.1409957501217174,0.1133045670617429,0.0881237266752668,1.139441479640513,99.0,94
185.16032091019355,128.36706239149305,131.6803815709606,117.61560991753473,61.88606658776008,81.12304372829861,0.3751223632812582,128.2019120912905,0.2603955512152926,117.55101042028356,1.373588151041648,81.69301919487847,0.7348106618225357,1.338547342945755,0.6521602397881909,0.7375489553510022,98.0,94
184.9243237755176,128.2383654513889,130.5441829935661,117.40067447916668,62.60004857264736,80.90336317274304,0.2825668149595187,128.30190413411458,0.2292697735821974,117.5093427770544,0.491861935763869,81.02790660083912,0.8736494907118328,1.098659571430954,0.5422343700853258,0.8740134993401342,99.0,93
182.95892408577657,128.06137098524306,126.02683328791208,117.13321875,58.95008766313929,80.78029817708332,0.1426924370659548,128.15046913339123,0.1729194082754768,117.26435106698496,0.1447860532407427,80.81930441261575,1.1127487097747917,0.0610652743522303,0.0407806040281834,1.1131690786553996,99.0,93
184.08188191620243,128.01399186197918,126.83784094503191,116.97955338541666,61.64611761657973,80.71990049913194,0.1318629340277629,128.03214283130788,0.1719734483507025,117.04827827690973,0.1074927517360861,80.74636385995369,1.1553763293321293,0.0415815112797475,0.0949807228189382,1.1538426518035378,99.0,93
184.71554681567127,128.0351510416667,128.438064047572,117.0236242404514,62.01857943212497,80.70460243055555,0.1025227068865556,128.01826358145254,0.1838780598958256,116.98602979962384,0.0889027777777778,80.7189685546875,1.3477852229563465,0.0462208615516785,0.0685305896256188,1.348320643545056,99.0,93
185.29608317980905,128.02810850694445,130.707076484724,117.0890400390625,61.97419771981372,80.68098448350695,0.0849682219328428,128.02723037471063,0.1188201931423681,117.04637705801504,0.0962220558449331,80.68103156828703,1.1659932361152825,0.0413300016864323,0.0750708583771879,1.1661574386526907,98.0,92
185.22951726717895,128.1327562934028,131.8145318207428,117.25519596354168,62.14426872177756,80.78815006510418,0.1362489438657206,128.08589144241898,0.1605936631944435,117.18352880497686,0.0909693576388959,80.73134305555554,1.0917191755231628,0.0365793675966398,0.0522372620133093,1.0917493559000062,99.0,92
184.97393134911184,128.1393505859375,131.49516871580948,117.28678200954862,63.10301803276015,80.80342947048612,0.1280539568865605,128.13798585431132,0.1610387261284746,117.28479537398728,0.1057374385127365,80.80668285590278,1.1248419221799255,0.035481599937799,0.0690568909819199,1.1252254289335002,99.0,92
184.23834125608087,128.10360026041667,129.03294264731588,117.16806022135415,63.57538517453425,80.80097309027778,0.1211258752893352,128.12259598524304,0.1357716941550899,117.2283482819734,0.0773445167824092,80.79858559751158,1.0592206716424315,0.0403688935689765,0.0705994973076711,1.05797570896398,99.0,92
183.79210231463836,128.03679698350695,126.90028288991822,117.02854720052082,63.21817487828133,80.82771516927083,0.1015802481192025,128.0707087962963,0.1644683159722276,117.09050222800926,0.0619871310764044,80.81673854890046,1.271012282796828,0.0970559891236728,0.068106533209558,1.2724283235817302,99.0,91
184.32234443623508,128.00241634114585,127.70602597606536,117.048103515625,62.963606807885725,80.7807931857639,0.0867374204282526,128.0204351851852,0.1931854636863509,117.03444167751736,0.0858457031249916,80.80811860532407,1.4868654571652733,0.0801374889574267,0.0537469111819573,1.485846038671903,99.0,91
184.91017846185773,127.93686751302084,129.8864281146439,117.11210101996528,62.45906847045168,80.70328732638889,0.0976756908275603,127.96436733217593,0.1629704318576225,117.07063311270257,0.0819044560185143,80.7437172019676,1.2827031064939831,0.080464979959822,0.1119242304217775,1.2835547409270918,99.0,91
185.74376110045017,127.9332800564236,132.71144921241032,117.26562358940971,62.704109252346406,80.66557996961805,0.0858665075231167,127.93358544921875,0.111408007812497,117.19329196686924,0.0784648690682842,80.67463576027198,1.1199571689177965,0.0650460779044605,0.1060550674050639,1.1193547382532405,99.0,90
184.9280931299803,127.845244140625,132.99185063951666,117.25846495225694,60.46996809088899,80.65298025173611,0.1380883427372509,127.90854366319444,0.1897360532407512,117.28940719401042,0.0911515769675905,80.67259985532408,1.1914612402027909,0.0695752151389122,0.0889754785101302,1.1913722466063268,99.0,90
183.62739366622253,127.68759006076388,130.73757785258783,117.00205447048612,59.92298685071693,80.53630088975693,0.1155388491030009,127.7503890552662,0.1616536639178155,117.12331129557292,0.1288824399594806,80.58177262008101,1.1825995697886902,0.0470917630479029,0.038014866644106,1.1815513467704184,99.0,90
183.00626951864783,127.6756745876736,128.10837211581318,116.83038845486112,60.07425417350448,80.58770030381945,0.1020831199363465,127.6694962275752,0.147410239438641,116.90507349898728,0.1122381691261442,80.55844866536458,1.194085628103487,0.0621066528594614,0.0890867877699084,1.1956991644793489,99.0,90
183.13124278882185,127.68456597222222,126.63058184665756,116.72904741753472,60.41413744073743,80.55304427083334,0.1287963396990694,127.69318201316553,0.1371204173900522,116.7867115125868,0.1066153501157434,80.57832345196759,1.0342085754287238,0.0650486983884975,0.1191900331021272,1.033454181582293,99.0,89
182.97341962218945,127.65865733506944,126.25308580170672,116.72475390625,59.43858004240885,80.5326838107639,0.1007402633101941,127.66111588903355,0.177295844184052,116.70642843967012,0.0940432219328499,80.5451048936632,1.3289279817982766,0.0375894496388839,0.0855837896026651,1.330115413480723,98.0,89
182.61043900474775,127.66671484375,126.7655783272648,116.80895648871528,58.29522593397769,80.53861859809028,0.0965911856192396,127.657383807147,0.1637462348090569,116.75175042317709,0.1389247902199007,80.52235279224537,1.2949727347528053,0.0710008491751478,0.0695699289404327,1.295391196986437,99.0,88
182.63810432532736,127.78738769531247,128.35581033436753,117.0040578342014,58.14253123990628,80.61827962239583,0.125256101707184,127.73061178747108,0.1313265371817327,116.9134097945602,0.1002184100115759,80.5802175708912,1.0173387324899152,0.0523956517483918,0.0609484387943711,1.0156696609539615,99.0,88
182.8042319611719,127.94819108072916,129.63589481676,117.2001691623264,58.94468959691293,80.73339735243056,0.173518836805583,127.8518675817419,0.1972935510706036,117.10242473958333,0.1274974247685084,80.66592843243635,1.0836064728039034,0.0393749289100897,0.0767522142627962,1.084147011997618,99.0,88
185.19403049410195,128.0099769965278,132.63362168839666,117.17524837239584,65.21836834815358,80.67316536458334,0.2142559208622822,128.02271795789932,0.2507902416087991,117.23219464337384,0.2854983796296205,80.73583972800927,1.130733623924176,0.0616054928378075,0.1605753539827588,1.1318360029283316,99.0,88
184.32820343267448,127.63391037326387,131.81374631460113,116.86686046006945,66.21087520158964,81.10808702256945,0.2708198784722312,127.83518190827546,0.1896576714409737,117.00665418113428,0.6733068250867987,80.7856501880787,0.7827758222330395,0.4342015354873355,0.2710526545094918,0.781605161139798,98.0,87
183.28025611383777,127.41545496961808,130.66658556986033,116.84530989583332,65.89628932475092,81.74841623263889,0.2720773943865585,127.47294232132523,0.2070961624710609,116.81768238932293,0.7869677951388733,81.51893433883103,0.8261971716145428,0.6569582706278471,0.503112962831346,0.8262423764504674,99.0,87
182.82307213945035,127.50880859375,130.49320074077932,117.06675151909722,65.04649338335383,82.06700260416666,0.1860266927083164,127.46922759331598,0.218931680410867,116.96063970992478,0.2276997649016166,81.90213570601851,1.118451460709644,0.4802806280087554,0.370236536179729,1.1178475721880925,99.0,87
181.85258544576627,127.44850661892362,129.69019547844138,117.04240473090276,64.53221532833234,82.13783192274306,0.1549215313946736,127.48715240162036,0.2531146520543724,117.0764288990162,0.2415576316550934,82.11942219690394,1.3772801266562065,0.0427966639731996,0.0901466730354282,1.3785040775023103,99.0,87
180.28472827438475,127.4719109157986,127.1842096667096,117.07527690972223,63.52024446450922,82.27275075954861,0.1196804181134329,127.454790198206,0.156953294994193,117.06513879846644,0.1401874276620451,82.20934189814814,1.1517255151532726,0.0568735638100102,0.0516497027239957,1.1511251207226298,98.0,87
181.4648616682269,127.51584874131945,127.95916560848836,117.05069042968748,66.35329562053829,82.29145757378473,0.1130427915220124,127.50424696180556,0.1518098632812576,117.06426021773726,0.1131789785879665,82.29503364076967,1.1820079198075415,0.064475248265612,0.126373803364803,1.18119371986487,99.0,87
182.25864960506252,127.46229383680556,129.4065321291159,117.064251953125,65.86449188476253,82.2959609375,0.1366399233217677,127.47783238932293,0.1251505533854237,117.04564415147568,0.071704792390066,82.28777956452547,0.9613186790739346,0.0348720253740868,0.1278799783306846,0.961238373843736,99.0,86
182.59624427085788,127.49813151041668,130.83775449937428,117.1954001736111,64.19459901365867,82.31213129340277,0.0989077329282252,127.47780346498844,0.1442654550057947,117.12535077401618,0.066194111689801,82.305866015625,1.1935105359048743,0.0471660291324557,0.1066564309684931,1.1942295091132844,99.0,86
183.09115095530387,127.50678526475694,132.095185603316,117.24185416666668,64.80622272145398,82.33759635416666,0.0915699978298519,127.51056117983217,0.1459332754629457,117.23019420211226,0.0980167136863252,82.33006476779515,1.2407794171276938,0.038616015521658,0.0786898691050285,1.2418436093882204,99.0,86
182.2691517020626,127.40303450520832,130.16440306802596,117.07283973524304,64.89352280524362,82.27691861979166,0.1210285047743131,127.44949900535302,0.207562619357642,117.15549514612268,0.0793923249421292,82.30619754774305,1.345669550121346,0.0655770605541064,0.0340158531120954,1.343892927901038,99.0,86
181.97931157804905,127.42501323784722,127.71378525449376,116.94638487413197,66.21180894477553,82.25394878472223,0.108818033854167,127.41810419560186,0.1364993200231518,117.0201160409433,0.0843862955729363,82.26475014467592,1.126114491645546,0.062724329847206,0.185500616899925,1.126895858741119,99.0,85
181.211636176598,127.4057492404514,126.01562635659228,116.87843337673613,65.33582506095226,82.21364561631944,0.100959494357661,127.41121671730323,0.1665415907118106,116.8967953559028,0.0761407118055548,82.23291481119792,1.2825818207672304,0.0393588800179271,0.1260773438621286,1.281682331303571,99.0,85
181.4486735551016,127.40890852864582,126.3597280000822,116.9116144748264,65.45077515178525,82.1466904296875,0.0717470558449396,127.41053952907986,0.118678305844925,116.89451606987846,0.0909461950231369,82.1823869176794,1.239088099477746,0.0426231358722287,0.0376038634065942,1.2398925855731755,99.0,85
181.15179952458308,127.35855631510417,126.684256409869,116.910357421875,64.80117775010277,82.12190353732639,0.0923712926794057,127.3788541015625,0.131525289351848,116.90225475260416,0.0897481843171206,82.12807985749421,1.1760399011357674,0.0361448253626649,0.0799185608427584,1.1752239305673344,99.0,85
181.04119759809183,127.34995258246528,127.6897751145789,116.90548133680556,66.13454447487308,82.11060319010417,0.0902645724826276,127.35568324652778,0.164464315682873,116.90997453703704,0.0912171694154944,82.12343019386574,1.3405261445050598,0.0193661984177232,0.0540228610486584,1.3411019708564054,99.0,85
181.04620040649195,127.3654543185764,129.02004134808607,116.94828841145834,66.43649548032604,82.05005881076389,0.0927265335648039,127.3537681532118,0.1354125831886477,116.926459942853,0.0870073206018659,82.07054518590857,1.1901482256107223,0.0321269670627054,0.0535173868243937,1.1902506588512654,99.0,85
180.72348833944832,127.3756652560764,129.98949451015227,117.03989095052084,64.53355725875599,82.05266254340277,0.1432107964409652,127.39322449363426,0.189632092737248,117.01601108579284,0.1023620478877437,82.05947347366897,1.1819656244562171,0.0496309897793515,0.0781346299329789,1.18113869130992,99.0,85
180.31263468089455,127.30347298177084,129.76042804392625,117.01551529947916,62.61258488917119,82.02073741319444,0.1677552300347211,127.3185103587963,0.1890715530960595,117.01139675564237,0.1250741753472155,82.02007527850115,1.071603875771997,0.0566053093049379,0.1387898368065518,1.0722393254535452,99.0,84
179.90341689358135,127.36093229166666,128.16545188735253,117.03096668836808,63.02896300598649,82.12322395833333,0.1510619610821743,127.33773619791666,0.1514644241898304,117.03163192635996,0.1376727394386615,82.08530483940973,1.0033064398933411,0.0595258309808853,0.1090196393981823,1.0019002613378063,99.0,84
179.32023516906418,127.21811121961808,125.9772326092619,116.77945963541669,63.1047126505585,81.99601280381944,0.1457701388889086,127.293076598669,0.2059620985242872,116.9129887152778,0.1659061414930685,82.05758880570023,1.2281228145993983,0.035504412635027,0.0898082007104929,1.2300133825024278,99.0,84
179.82075244200968,127.27331076388889,126.30080859944395,116.8197722439236,64.0446098946371,82.10239865451389,0.1869215639467616,127.23890183738426,0.2795256908275509,116.78542707971644,0.1795177155671443,82.03848922526042,1.3180865126484418,0.0211264644946891,0.0475770487414922,1.317757489311136,99.0,84
180.18359496978889,127.3065398220486,127.7220408844493,116.8961941189236,63.4617472736204,82.12785850694445,0.1428500723379604,127.29318645471643,0.1872818684895723,116.85727981770836,0.1291467122395923,82.12784984447337,1.1612876104754914,0.0486366356549342,0.0503616205880187,1.1609473255660905,99.0,83
180.23822146852305,127.29638096788194,129.08520189969093,116.97502842881944,62.37026934721936,82.10444509548611,0.1085477539062637,127.29301771556716,0.1643883680555466,116.9246902560764,0.1021825339988481,82.10931190682871,1.23473803994037,0.0625210542291994,0.0702798273877129,1.2346440306463893,99.0,83
180.55933664110293,127.42573372395832,130.51036183334685,117.19959071180556,62.57644365597952,82.20693750000001,0.1464367947048638,127.36179088541668,0.1518755063657456,117.09164104817708,0.1061519458911945,82.15050866970486,1.0181721462807047,0.0495456531064904,0.0491594354183759,1.017785977540191,99.0,83
180.5361051797032,127.49002821180557,130.42437377616184,117.2850441623264,63.96341020749374,82.26476605902778,0.128123289207176,127.46723356843172,0.172600169994213,117.26754946469906,0.0893685836226765,82.24504147858796,1.1780693102352129,0.0418427405159971,0.0479440751246957,1.178025630214959,99.0,82
180.0843662405206,127.4342648654514,128.85104584176722,117.14165342881944,65.34510364269563,82.23247319878472,0.1121450122974682,127.4661690067998,0.1872489366319565,117.21492467809608,0.0774978407118173,82.25427243200232,1.3057309732197784,0.0324017206592407,0.0266680054625798,1.3056770475349806,99.0,82
180.13980855890435,127.39218934461806,128.26319636216684,117.0606357421875,64.88172419478673,82.22361577690972,0.0987570746527978,127.40133434244792,0.1668123155381995,117.07453519603588,0.0840415364583378,82.2253697663484,1.2979593931057083,0.0291506741885707,0.0548013530196461,1.2980335052372154,99.0,81
180.47758866035463,127.42099316406252,129.26791753636238,117.1497646484375,64.50444444978753,82.20002072482639,0.0737061270254855,127.40368544198496,0.1662420934606477,117.092569354022,0.0789359013310203,82.20925130208335,1.4615919025402215,0.0530278185959189,0.0626786691930749,1.4616371528362653,99.0,81
180.7109165463933,127.49728743489582,130.42158955167702,117.3224425998264,64.10408870470243,82.25423600260416,0.0962340133101917,127.46690504557291,0.1512179506655125,117.26066844618056,0.1122136429398437,82.23057467086227,1.2479666813844508,0.1015885700789777,0.1232412883037744,1.247216870803315,98.0,81
179.79890649309374,127.42543153211804,129.9413499543526,117.25974587673612,63.86603049128762,82.26359592013888,0.1547154984085613,127.46288376012733,0.16684807942708,117.29559772135416,0.1012054181134207,82.24939155092594,1.0424844371766289,0.0426821889041628,0.0812236460936251,1.0427420120888786,99.0,80
179.20195170840685,127.3559404296875,129.02985491310554,117.20213151041666,62.46306568680389,82.34126117621528,0.1026124059606582,127.39073673683448,0.1281566840277614,117.23510167462383,0.0869279441550933,82.30850063657408,1.1100726360331876,0.047035490766297,0.0772162958657489,1.1097902784073008,99.0,80
178.65098105574685,127.36088856336804,128.67479620124135,117.21708832465278,61.742966476266766,82.32635753038194,0.1162514756944465,127.35045264395254,0.1532118670428118,117.1981965024595,0.0908591326678162,82.3418923791956,1.1486450499500074,0.0399156827493073,0.0344235132822051,1.1485840431085337,99.0,80
178.80769472284476,127.38516449652778,128.5693896246946,117.23367144097224,61.8932916763663,82.33102799479167,0.14639220558447,127.38333233868634,0.1220764648437267,117.22615989945024,0.1037309280960707,82.32248242910879,0.916969284263802,0.0447050146600529,0.0777712889181168,0.9183771399856828,99.0,79
179.01145425071266,127.33059353298611,128.2011939783826,117.17424012586804,61.82215795048275,82.32114583333333,0.1020595088252225,127.35256102792246,0.1429483109085547,117.20684132667824,0.1331311125578783,82.32023219039353,1.194122417220462,0.0356429756517099,0.0858921798661874,1.1925264516666243,98.0,79
179.49053010382914,127.4281902126736,129.0442026864193,117.33753569878472,61.650074711020594,82.4813879123264,0.1439576714409667,127.37563782552084,0.2313398256654991,117.2520521520544,0.1654802155671181,82.40600513961228,1.324186526389828,0.0450627145589014,0.052102827273954,1.32327337811216,99.0,79
179.62247613592442,127.35817252604168,130.0376783552953,117.29858821614584,60.86707822624125,82.33935536024305,0.1536708116319426,127.39812314814816,0.201396983506963,117.32331962528936,0.2414642216435026,82.41915230034722,1.1615215933519012,0.0561451052443449,0.0592211781288621,1.1641293479127708,99.0,79
179.72055354506918,127.38141124131944,130.57717745060415,117.35964442274306,61.26800859149832,82.41238758680556,0.1609371961805758,127.37716648943864,0.206665256076387,117.34070867693866,0.1882042534722273,82.36455729166666,1.1600720052499145,0.0969464585515051,0.0960629139221131,1.158767159976026,99.0,79
179.41965991358953,127.38558561197917,129.67063854307406,117.31658886718748,62.34908536828837,82.41149034288195,0.1373294053819624,127.35751772280092,0.1853964373553414,117.3175992115162,0.1102978696469955,82.4200593460648,1.200520583601974,0.0916167754383387,0.0687285458141269,1.2009868838105258,99.0,79
181.0274206202367,127.59038487413196,130.70920733282423,117.43792599826388,65.1703165401495,82.35876258680555,0.5638600368923676,127.4209070529514,0.5126476671006912,117.3063892578125,0.1969584563078588,82.41663386501736,0.8329985165499297,0.2662115328327847,0.2508250605782534,0.8176730897701326,98.0,79
179.61462250245074,129.7880297309028,128.6478103136689,119.29408365885416,63.70664289453551,81.83829264322917,1.7819913773148277,128.7814359230324,1.5059219328703637,118.45383355396412,0.355620287181676,82.0713406105324,1.5322350096537718,1.6684051459917315,2.085689265623326,1.5438172354635902,92.0,79
179.18054235409303,128.79336371527776,126.98515603435509,118.40568012152777,63.83853196036901,82.0113671875,1.7125867585358596,129.39787708333333,1.4680840675636693,118.9423568142361,0.3671675455729115,81.88671416015626,1.256627767842474,1.409965911937611,1.705549742361978,1.257570937138092,94.0,79
180.7483725843896,128.36744585503473,128.31151274108595,118.06378125,65.53435413416054,82.06591037326389,0.5757859772858619,128.45746605902778,0.5244613751446873,118.130274041522,0.209994802517365,82.0893131148727,0.8556118326686412,0.6658516075406594,0.6481841811458755,0.8598667608601199,91.0,78
178.39474056135273,129.12505013020834,125.54507785953425,118.6701042751736,62.87450721829335,81.85781608072917,1.0754838794849653,128.8339650499132,0.8638630859375084,118.44009561270256,0.2471926396122502,81.92656010199653,1.500598508761366,0.7573595320787248,0.8745185680277754,1.5820017659766967,83.0,78
178.30549404153143,128.2476706814236,125.8263018664913,117.8970232204861,61.51960066155823,82.01852191840277,0.9002448784722342,128.66353560474536,0.8041674262152715,118.2593308738426,0.1852321397569411,81.93709491464121,1.104478220144501,0.4192591928290158,0.6580208085400174,1.019664625704124,29.0,78
180.5353139415357,128.31102094184027,128.74732467616823,117.94962836371528,61.658702744135965,81.91002495659723,0.5686125578703667,128.1603468460648,0.4979332392939904,117.82429899811922,0.1922329644097127,82.00421394675926,0.7998921205055126,0.4633216244253592,0.568050719165353,0.8014590416948074,95.0,77
181.37122715138847,128.8353361545139,130.34602586320068,118.38891471354168,60.93800519491303,81.78014377170139,0.7466134548611227,128.70515222439238,0.6643931206596922,118.2867670030382,0.2338032552083399,81.79903484881365,0.6848417757355905,0.5651304850217083,0.7404019118483046,0.6803210922148768,99.0,77
182.3367003269392,128.28085112847222,131.1006094129666,117.76980533854166,61.349517660278735,81.79116471354168,0.5343294524016433,128.5155797128183,0.4712582573784776,118.05353669343172,0.1836231228298529,81.81610786675348,0.7460592821055643,0.3211923942162223,0.3829668131865605,0.7494219939050318,98.0,75
182.4595998339764,128.7982243923611,130.2387955070289,118.10746451822916,60.9308950429218,81.55441471354168,0.645647066695588,128.48319428168404,0.5823668981481457,117.87556496672454,0.1623507559317071,81.66129737774885,0.8081069161462786,0.3570687932042808,0.3974141583086015,0.8086761583607619,98.0,75
182.55268342160187,128.59179014756944,128.74383083066974,117.80031098090278,59.81580737707244,81.56023133680556,0.6291510597511414,128.78204758391203,0.5607553313078791,118.0286015733507,0.1662701461226589,81.54994136646411,0.7821895000390758,0.3202889515518167,0.6134367861946671,0.780585469257186,98.0,74
183.2933755034105,128.7470380859375,129.56775279563203,117.95492198350694,59.33731309952633,81.64269520399306,0.4467265407986246,128.57080243055557,0.4680052517361001,117.7786136899595,0.143564058883102,81.59382511574073,1.0701656681158775,0.2509202111295183,0.2247210592026532,1.0730010223067494,98.0,74
183.82902549299305,128.70969965277777,130.22402207351232,117.91186653645832,58.95062862547925,81.65773687065972,0.6106499710648298,128.85273878399883,0.5882158890335556,118.05440616681136,0.1070581922742969,81.65417470703125,0.939835850169428,0.2591250416426341,0.3107439046056985,0.9387818223855288,99.0,74
184.2172965383371,128.39291905381944,129.6245854696783,117.58224891493056,58.80081654523888,81.72643391927083,0.3981443359374879,128.46101204788775,0.3988136103877181,117.66750753761576,0.0886471390335585,81.69595033275462,1.0058835959115562,0.2341670552136586,0.2301672566132535,1.0045177845691855,99.0,74
185.711704942002,128.71834754774306,129.35141626990549,117.73565831163197,60.97461090959277,81.63725900607639,0.5584738606770723,128.62305086082176,0.530916945167824,117.72696274233218,0.1418304723669056,81.69454507016782,0.9313342965511436,0.2789610165805832,0.3606808291037512,0.933226563458844,99.0,74
186.81423281098012,128.15111121961806,129.40870854180508,117.16876996527778,61.68417800900794,81.59991916232639,0.4733880533854242,128.4160877242477,0.464937973813681,117.4126953197338,0.1336470666956131,81.6070351273148,0.980866329750581,0.2249740314192735,0.307551730812515,0.9797589226148742,98.0,74
187.14404980286588,128.3959990234375,130.95578767722645,117.57452126736112,60.84832906365964,81.5740353732639,0.5274544126157547,128.16036029369212,0.6464084852430403,117.23549598162616,0.5286560076678223,81.50939857855903,2.296149605567221,0.2106635288512735,0.2973205421474593,2.288341167079379,95.0,74
187.24178381502423,128.66542545572918,132.61453913307523,118.03682584635416,59.915492361098366,82.0953713107639,0.6516264178240784,128.6605560257523,0.8755333948206034,117.9724734700521,0.6429026186342564,81.92506023943865,1.99877804922746,0.2651067527613899,0.0889547238240737,2.187768048602049,50.0,73
187.8305890908036,128.4604320746528,134.7098128834867,117.83106032986112,60.41536513506845,81.94846972656251,0.3888853913483577,128.5078657479745,0.407636378761578,117.88544968894676,0.2691545175057953,82.02707468532986,1.113973795018146,0.1388063117031942,0.2180657160738325,0.9331008379370732,-2.0,73
187.80972695594093,128.65684233940974,133.86132600818766,117.88601551649305,61.62795766666884,81.84233648003472,0.3254490053530143,128.58393838614003,0.2809767541956072,117.88411106770832,0.1190554904513727,81.88417437789352,0.8861340175184361,0.1114151974369379,0.2534219598434373,0.8852157583871121,96.0,73
188.1478863895464,128.36191742621529,132.71831644115315,117.5035451388889,61.80646695608633,81.79372612847222,0.3883247178819762,128.50579340639467,0.3924215494791682,117.68078381076388,0.0826981843171437,81.81426672092013,1.0231464465147868,0.1652071593446221,0.2070227371659819,1.024391156609009,99.0,73
189.15511447652543,128.65871625434028,134.02914391253137,117.81455479600696,62.01352213485889,81.72548546006944,0.3888493236400629,128.47770775462965,0.4198864076967661,117.61578450882524,0.1049256908275499,81.76185053168403,1.093623198477587,0.2771359606012625,0.131663630620282,1.0928941917107458,99.0,73
190.55752327152464,128.50292513020833,136.60201474487477,117.84713802083334,62.96246441313743,81.88476236979166,0.3791862702546419,128.63548018663195,0.2925968171296356,117.88149700882522,0.2186448929397807,81.79124040798611,0.7946625279131407,0.2430335299766886,0.2418744466960102,0.7954886281670073,98.0,71
190.8695997658181,128.53248046874998,138.1806791326529,117.8866982421875,62.92530410931469,81.75180186631945,0.2764787543402756,128.46612206669562,0.1727662832754636,117.83554205367476,0.2403968388310118,81.84347337601274,0.7343206170710128,0.1468779134320728,0.2834415625954212,0.7334544968294733,99.0,69
191.2977468655237,128.55244086371528,138.99655822494185,117.93396625434028,64.36085831983999,81.78277039930555,0.2626413122106498,128.59231393590855,0.1933805519386552,117.94587863859957,0.2090844654224662,81.72676723813656,0.819861685433681,0.1422376761862265,0.1050678925769854,0.8199008400269645,99.0,66
191.681498546344,128.42916395399303,138.81454389075972,117.80743337673611,66.44920525473451,81.88192437065973,0.2283126338252296,128.47162755714697,0.1513076135706214,117.8626452944155,0.2011746889467545,81.86420474537037,0.7829572322471774,0.1940134824478349,0.1878683766143299,0.7828084431690769,99.0,66
192.3676236443497,128.58886208767362,139.44476260254905,117.91632953559028,67.70415374783305,81.74250737847223,0.234985029658559,128.46150845269096,0.2021856807002213,117.81927119140624,0.1269530707465122,81.81838518880208,0.8998427602395513,0.1972526578407757,0.1281574689762869,0.8995844126711912,99.0,66
192.8105271724176,128.52784179687498,140.09855298279356,117.90781043836805,67.45083096062596,81.67877061631945,0.420597327112273,128.64333332971643,0.3405181278935344,117.97958217954285,0.108828924334484,81.69133449797454,0.8038708123994504,0.224217199752304,0.2237696198559894,0.8062499757172109,99.0,66
192.4286591864412,128.39860525173611,139.7801317347138,117.79844281684026,65.8752747839279,81.70717100694445,0.3217069010416811,128.39808154296875,0.2434561921296524,117.80221507884838,0.1147906322337916,81.70234758029514,0.8048515244359998,0.1650629546494357,0.360630400684795,0.8025592076069824,99.0,70
192.6348402057661,128.52079654947917,140.1984160345999,117.87869032118056,66.10353972421427,81.59050206163194,0.3719729058159581,128.52141712962964,0.3131052915219844,117.89482072844328,0.1129956416377396,81.6533197301794,0.8491107388353788,0.1858729656121318,0.2366427414522258,0.8489606354701666,99.0,79
192.43248421019516,128.2791322699653,140.6830723313497,117.7200234375,65.92779919349536,81.60721451822916,0.4145413085937396,128.3393904441551,0.387937854456023,117.73977506148728,0.1808160300926075,81.58538176721643,0.9342586530952453,0.1309747564841401,0.2905109615237407,0.9343079181846332,99.0,84
191.9337668262196,128.5929929470486,140.74992383665975,118.08707888454862,65.0108823014323,81.6242463107639,0.3093647894965234,128.4373197771991,0.2839082429108704,117.90419015842014,0.1045043258101718,81.61304594545717,0.9322450540877466,0.2002280063317747,0.2481404754481794,0.932487416271108,99.0,94
191.3961291988057,128.46218098958337,140.3065099745877,117.99323079427084,64.71239828324755,81.67965744357639,0.3250083260995486,128.55677268880208,0.3280292570891049,118.079500604022,0.1011160843460586,81.65851992549189,1.0138546188393764,0.1603954689637548,0.0926078149423339,1.0134118689692306,99.0,98
191.04372829355307,128.6730486111111,138.72258436302292,118.07491460503472,65.34263853977309,81.74032790798611,0.2966736762152787,128.51128110894098,0.2210566189235999,117.99044518229168,0.1099972583912024,81.70947786820024,0.8107475010238637,0.0982561360689147,0.262903404376709,0.8111129741660089,99.0,99
191.32460988203724,128.80235069444444,138.13083509566752,118.28366308593748,66.01100266203049,82.21566992187499,0.3475191840277679,128.77599522931135,0.1807110713252313,118.18277941623263,0.3586303891782529,81.92051153067129,0.6223410877115955,0.1883135062530819,0.3405173339244979,0.6234429710516006,99.0,99
190.84671741213268,128.87963302951388,137.99024802600135,118.42586957465278,63.4670028871551,82.34378754340278,0.161736498119194,128.83956409866897,0.180130617042801,118.37603101128472,0.4585870298032465,82.37831243851274,1.0682149875571942,0.2764360956324893,0.3083097418335821,1.0671121089185645,98.0,99
191.3495012785368,128.8288275824653,139.88637108072925,118.41416569010416,63.803545110061165,82.06243261718751,0.2559693721064822,128.8641314199942,0.2636283094618216,118.41214280598956,0.41247088396992,82.13487492766203,1.0243880521077702,0.2435453765765889,0.1035716886758965,1.024823650211025,99.0,99
191.39576483854665,128.95316655815972,140.3704861807341,118.61426161024306,64.17856325075728,82.39811740451388,0.2423254521122487,128.88931788917822,0.3025846426504845,118.53532937282984,0.4962313548900544,82.27297615017362,1.2050748363706012,0.143353328906711,0.1657149319487745,1.2035358224843924,99.0,99
191.0716635803837,128.9949423828125,138.91240266546046,118.5156633029514,64.83201415815374,82.26951605902778,0.1131881835937349,128.99188191189236,0.1782406286169195,118.58232700014467,0.2628937210648213,82.32586673177083,1.2826590263144568,0.07496423424279,0.1659481775645793,1.2835582349689376,98.0,99
191.147859597668,128.89536295572915,137.91818707350632,118.34801215277776,64.68242148611635,82.35595431857638,0.1472293981481309,128.92987997323496,0.1478178493923825,118.4103218532986,0.1836383861400633,82.3149675708912,1.009027792833168,0.1523411026157502,0.1386108430525145,1.009694271725636,98.0,99
191.61170696287533,129.10728374565971,138.69283704949305,118.56445659722222,64.47148067763969,82.35425227864583,0.2311571506076328,129.00176570818866,0.2421668294270754,118.44355755931714,0.1015641529224519,82.35304365596065,1.037271870928143,0.1676719755721322,0.1147757689417601,1.0379172111863866,99.0,99
192.70895267866896,129.0036105685764,140.8108173266525,118.54397319878473,65.5313237950067,82.37376801215278,0.2449445746527904,129.0645476128472,0.208703302227991,118.56695319733797,0.1002097294560138,82.36965937500001,0.9047461072205334,0.1428470808891608,0.1406373640669499,0.90630763431596,99.0,99
192.41056019480007,129.1577412109375,141.50164324760115,118.7694541015625,64.04373801183608,82.33165201822916,0.2086978370949244,129.06101227213543,0.1874063259548586,118.64426945529516,0.0910940429687419,82.35393566261573,0.9388283601106626,0.1413573142658703,0.1013322166756478,0.936056897118936,99.0,99
192.3322640796709,128.94906597222223,141.5106319533029,118.6231179470486,63.11700800047946,82.35094249131944,0.3182845956307886,129.08947978877316,0.2694427010995379,118.7324205186632,0.1001833550347223,82.33775356626157,0.8733689323755536,0.1117478214735317,0.188999850667751,0.8710940383586518,99.0,99
192.16306172746897,129.11906336805555,140.88099244288085,118.75024381510416,63.0390662697966,82.38363845486111,0.3434005027488457,128.98406800491898,0.2840584237557669,118.6416320240162,0.0775421838830889,82.36845009403936,0.849849813278281,0.1390366971348823,0.2326744010114224,0.8503469891340243,99.0,99
192.31035607140984,129.072103515625,140.35212893165755,118.6671796875,64.48480739357419,82.4294951171875,0.3130418909143733,129.15192468894676,0.2920347258391165,118.75773346354168,0.1062590386284738,82.40770753038194,0.944945420839322,0.1100056404584324,0.2013153945109889,0.9469999260017092,99.0,99
192.26878649115363,129.112509765625,140.4088274327263,118.6853175998264,65.27767882051036,82.38976812065972,0.2947714084201246,129.03681608072918,0.2403636465567127,118.63022460575807,0.1038755316840242,82.41695110677082,0.8574997760046956,0.1335808211482122,0.1455145883058125,0.8574317127120035,99.0,99
192.66457792360168,129.13715570746527,141.31594866881403,118.74915125868056,65.41926536838028,82.40386566840279,0.3126684389467452,129.18563331524885,0.2189466724536856,118.7559855541088,0.1126251663773037,82.37783095703126,0.7706083720534019,0.1382162193970196,0.1902120720056603,0.7710882300847803,99.0,99
192.8745610631888,129.14467437065974,142.13710584546396,118.78181759982638,66.37603938364036,82.4252531467014,0.2878871780960594,129.08416416739004,0.1848023980034762,118.72943800274884,0.131298267505771,82.43464918258103,0.7372571519823328,0.1215647956954015,0.2861645872287967,0.7359083639267955,99.0,99
193.44553697628663,129.26637955729169,143.06182482890114,118.91307899305556,67.84862133145612,82.39923231336805,0.2307939019097327,129.25529697627314,0.1867108796296439,118.88612623697917,0.1130420355902704,82.39533393012152,0.8805320343892439,0.1667922819758624,0.1449451978797552,0.88066879892914,99.0,99
192.3760712223144,129.08267469618056,141.75055273548728,118.77437337239584,65.39042484019129,82.44324273003471,0.2360070746527658,129.14150749421296,0.2168874963831276,118.8178468858507,0.088327235243067,82.43218819444445,0.948630783498184,0.1183113775082401,0.1355678776287037,0.949535017288898,99.0,99
191.7604501665093,129.18809993489583,140.22400533367534,118.84253135850696,64.09314227136966,82.46349652777778,0.2822510995370351,129.16838079788775,0.2557081416377281,118.84344101924192,0.1239584382233833,82.44745495876735,0.9302970383721896,0.0873617053114712,0.1395148364491942,0.9305400270500748,99.0,99
191.59001357018644,128.7496019965278,139.2797997980416,118.36536458333332,65.84909575117176,82.44979090711806,0.4300293402777972,128.94261472439237,0.4204425745080949,118.58145876736111,0.0999504050925916,82.4637578052662,0.9775925957176628,0.2835701342923971,0.2363901620583368,0.9768768069497996,99.0,99
194.0903332937514,129.0567131076389,142.2464510110265,118.61770757378471,70.81992216833736,82.37518012152778,0.404936422164359,128.87435771484374,0.402641901765035,118.4535379412616,0.0900832537615731,82.40903762297454,1.004504716707347,0.2698222997725395,0.1640183789343858,0.998502632089068,99.0,99
195.0222717770665,128.8504937065972,143.8662384094272,118.52712120225694,71.85096407094822,82.46614246961805,0.4127133101851901,129.0093353515625,0.3419600043402606,118.62102316623265,0.1291294668692107,82.41419891131366,0.8231127384981269,0.1634804393953682,0.2925149591268382,0.8299189068087257,98.0,99
193.8565753861837,128.8546726345486,142.23444290918482,118.53082465277778,67.32104672557455,82.43603396267362,0.3070408528645837,128.7975494140625,0.222561545138887,118.49261050347222,0.1496415039062384,82.45769632161458,0.7892000482927739,0.2178811805618069,0.3872140994955666,0.7886565560383805,99.0,99
193.36265694972823,128.7525675998264,140.89433789592528,118.36164225260416,67.37886236593717,82.48247254774306,0.5094402126736223,128.8944853407118,0.4265526041666855,118.52180168547451,0.1487402126735801,82.45487565104168,0.7775011092835427,0.1700710137174113,0.2816264686509213,0.7766135817900692,99.0,99
194.03000365335544,128.73345703125,141.3285389641569,118.33153038194445,70.02306480204751,82.54154481336806,0.517098564091423,128.64442218243636,0.4581573531539428,118.25295578342016,0.1277262622974503,82.52215893373842,0.8486222933177425,0.3378073445134827,0.3358551457419818,0.8473563617311481,99.0,99
194.7276952405888,128.80946842447918,142.99549967696828,118.50477886284722,70.70655137020826,82.5601452907986,0.3130870261863369,128.82291002242476,0.2995830729166774,118.46028261718747,0.108938867187507,82.53887321325232,0.971358733368982,0.1971712740820105,0.1880786134125436,0.9729391009209808,99.0,99
194.8655057701906,128.90267003038196,144.1554697077777,118.7091574435764,69.08415832867803,82.54610047743056,0.2874319697627243,128.80582204137733,0.2416038809317195,118.56868020833332,0.0950560329861023,82.5697941153067,0.8774273370983717,0.162867945490416,0.162574307220942,0.8768799902136083,99.0,98
195.15016204601216,128.91062489149306,145.18711407786935,118.74671321614582,69.27896262479395,82.51328862847222,0.3069141131365806,128.9708652162905,0.3105878327546255,118.79201959997108,0.1018366898148125,82.51733684534142,1.0124538059619896,0.2101222815404511,0.1145602135126739,1.012137887059045,99.0,98
194.59668942328332,128.88767784288194,144.22009449532047,118.6510661892361,67.99089946255,82.50540776909722,0.2764229311342527,128.84573285951967,0.2343429976851997,118.65819184751156,0.111484541377312,82.52167238136575,0.8925833923208195,0.1350772030077591,0.1233686908932716,0.8930849097810221,99.0,98
194.0187007956596,128.91288292100694,142.7956560220885,118.60168109809028,67.28474740848019,82.46100520833333,0.2331120370370493,128.93895323712383,0.1803579969618022,118.65491949508102,0.094378425202538,82.47422777054399,0.8530954553833473,0.0884135197707565,0.1739571726751363,0.8526521877572304,99.0,98
193.4924824660915,128.89678450520833,141.3576860775099,118.55532649739582,65.93491262715472,82.40226953125001,0.2013920717592706,128.87165440538195,0.1688515914351829,118.542524254919,0.0936888852720073,82.43732224030671,0.8983965748347585,0.0709026789086083,0.0753213869576414,0.8998951459757455,99.0,98
193.6872583239521,128.9838896484375,141.9389317324203,118.70549913194444,66.99088584590307,82.43161838107639,0.2490376808449146,128.98081023220485,0.2358577582464751,118.6597736725984,0.13981533564815,82.39845385923033,0.9750806457540804,0.1371430174071709,0.0754722584182712,0.9734948348618524,99.0,98
194.29848207441944,128.98960687934027,143.5541530143324,118.7741123046875,69.45452394506319,82.47731803385416,0.2761832754629741,128.93523462456596,0.2004901041666788,118.70821902488426,0.1042335901330952,82.47029496166087,0.8001160240923146,0.1022528218383119,0.2068774904048791,0.8006253086065774,99.0,98
194.9345776227811,129.00339713541666,144.671811706979,118.76161740451388,71.7880919163594,82.50767621527778,0.3031178710937458,129.05325763888888,0.2633307544849467,118.816516796875,0.111547099247681,82.48384447337963,0.8951214038860548,0.119651475115066,0.1839180337909492,0.8955630124392862,99.0,98
194.2550122806379,128.976390625,143.7850285563164,118.72404752604167,70.0865670152763,82.51950043402778,0.2899170283564652,128.93333530454282,0.235988791232638,118.69546415292248,0.0790313404224496,82.5195863353588,0.8571700103426618,0.1418917583899538,0.1184313859934983,0.8565364458911692,99.0,98
194.32046338766824,128.939609375,143.44309009422798,118.66850173611112,69.5530691245779,82.51522797309028,0.3061089879919014,129.01056634114585,0.2474837962962903,118.73847554253472,0.1027849537036966,82.52245908926504,0.8485994852025132,0.0958618174628506,0.1559606738267383,0.8491077508582183,99.0,99
194.3572555738604,128.92504253472222,143.2051135468622,118.69188530815973,67.65328807857769,82.51319596354166,0.2517408347800937,128.8833051106771,0.2328923900462906,118.6337921657986,0.1345896520544168,82.5077336226852,0.9580612402837264,0.0976181574070978,0.0881983316532459,0.957186088358462,99.0,99
194.78522837983272,128.9456655815972,143.9532052052617,118.75582845052082,69.1426939028289,82.52133951822915,0.2701631546585759,128.9743320023148,0.2142984519675915,118.76319880280673,0.1103664460358998,82.51462164351852,0.8533235552524014,0.1452743785914041,0.0994636714710746,0.8536898210950311,99.0,99
195.44486116004185,129.04939398871528,144.89073547424655,118.8284597439236,70.98592963318815,82.5224363064236,0.2121930917245473,128.97447511935763,0.195247258391195,118.76484361617476,0.0670706633391076,82.52673030598957,0.9621504229737968,0.0784241665314591,0.092496246690245,0.9611174739824144,99.0,99
194.8452316050981,128.98848697916665,144.18850606120034,118.7755368923611,69.08256712523122,82.53852973090278,0.1796891131365886,129.04577024739584,0.1891209201389078,118.83162670717591,0.0958816695601706,82.52592786820023,1.032528594490291,0.0549390458261217,0.117691417488091,1.0342502022183169,99.0,99
194.9221230558045,129.09926627604167,144.38310112610645,118.82743185763889,71.38244707682284,82.5557843967014,0.2550515697337848,128.9963178530093,0.2126537398726999,118.7630800347222,0.1126246057580999,82.5537914279514,0.8840010666410838,0.1120380821937828,0.1535653057274804,0.883983035888345,99.0,98
195.0800279116853,129.0579269748264,144.10532437241375,118.77906315104168,73.29920095450619,82.55813932291667,0.2994573567708272,129.13199671585647,0.2528405490451329,118.84831530309606,0.1197161639178152,82.55468659215856,0.8772108291002919,0.1200535441550159,0.2253200103231228,0.8765953452556289,99.0,98
193.89265069695745,129.00130718315972,141.9429861002508,118.71634223090275,70.86629494249678,82.53064963107639,0.1841208152488519,128.98838919994213,0.1922385091145656,118.70788313440394,0.0704902416087818,82.54625444878472,1.0352228372865215,0.1023820319996509,0.1116831199102921,1.0348756319923935,99.0,98
193.9695893551712,128.95660460069445,142.05664500159548,118.70665939670138,69.68918565336939,82.55355132378472,0.2300451605902802,129.01352896773727,0.1809459780092453,118.73951295211226,0.0972871419270792,82.53300088252314,0.8594792826065785,0.0791855341921612,0.0828018878560741,0.8590503288513557,99.0,98
194.83133062577824,129.13611219618056,143.44851595198548,118.84042664930556,71.28480415876935,82.55921365017362,0.2689030671296317,129.00168835720487,0.2132841977719934,118.73888627387151,0.1017374710648212,82.56755629340277,0.8533190263978584,0.1074286469326946,0.1516005942807979,0.8543310822566873,99.0,99
195.9886746083818,129.04940635850693,145.06515286995565,118.7692785373264,72.84564271789199,82.59374381510416,0.3125354239004612,129.1478885127315,0.2711076135706164,118.85350048466437,0.1041774522569567,82.56611021412036,0.8899971959563764,0.1392343739009941,0.1902200286230564,0.8887688904575598,99.0,99
195.2875903789228,129.04516026475693,144.2522531219786,118.72367664930556,71.15115528182136,82.5788484157986,0.2694302264178314,128.99840246310765,0.2330161205150465,118.70486118706596,0.0955393554687546,82.59588813657408,0.9105183254032678,0.1928212120882719,0.1683476773715437,0.9101760019343896,99.0,99
195.2306961921252,128.9940988498264,144.11674631903452,118.6579015842014,70.68898345775837,82.57831011284722,0.3054054036458297,129.04416903573494,0.2305872649016307,118.71341536096644,0.0831344473379553,82.57455731336806,0.8099916548852574,0.0906320212787387,0.171917499519643,0.8103773958502543,99.0,99
196.4971887607767,129.1036484375,145.45157242448704,118.73009233940972,74.06603475064615,82.55431380208333,0.1878697012442226,129.02577122395832,0.1735753002025532,118.66361023943864,0.0845433051215303,82.56523859230325,0.9614196251248088,0.0962175119081315,0.108800834227818,0.9619675204191264,99.0,99
196.4473986585343,129.06614203559027,145.3739144797446,118.75070648871528,73.57650979347812,82.61819390190972,0.274144137008082,129.1260591905382,0.2368143844039039,118.78054661820023,0.1082529550057652,82.58582298177085,0.9013202919964156,0.0891159500737796,0.129527163033665,0.9013017117522528,99.0,99
196.40390760136583,129.21816427951387,145.548338981712,118.88976703559028,74.0440625458902,82.60037131076389,0.2748673900462884,129.10101792896413,0.2265803240740595,118.7863000108507,0.1088178385416549,82.61198046875,0.8723904757888137,0.1025636400026104,0.1856849139156614,0.8723541030638694,99.0,99
196.07367927155892,129.1255583767361,145.18744373721594,118.79366514756946,74.19367821044577,82.63549598524305,0.293649573205991,129.20681208767363,0.2494812282986098,118.87021185619211,0.100453103298605,82.61743910228589,0.8833808601959521,0.0963298635547015,0.1527638293421933,0.8860468824395417,99.0,99
194.90474668432404,129.12504947916668,143.79223553207686,118.79608344184028,71.07132912403348,82.60428211805556,0.264938556134273,129.13314018012153,0.2067451244212903,118.80113883101852,0.0872346317997724,82.62155713975694,0.8478052881591387,0.1219077212167024,0.1074091775948427,0.8456246110172123,99.0,98
194.7493724608836,128.94125531684028,143.79666102249269,118.72026692708332,69.62046059494614,82.70603439670138,0.433851132089119,128.9841756257234,0.3756675925925933,118.70848302228008,0.1809279586226689,82.65016930700232,0.8589188966965138,0.196532344576709,0.3683189890929078,0.8568054800487205,99.0,99
194.26294804568772,129.14227940538194,143.91693568271373,119.04152983940972,69.7544609895121,82.90788226996528,0.2907451533564464,129.0797791449653,0.2512214554398269,118.908931817853,0.2161984664351905,82.78247753182872,0.8946506766979293,0.1407194478061169,0.3113468747832789,0.8956077151965793,99.0,98
193.20140467379264,129.23156174045138,143.1796368634561,119.108904296875,68.51181646836001,82.87897504340278,0.2348186089409722,129.16836548394096,0.1596313946759366,119.08101513310186,0.3036330620659797,82.94121263020834,0.7830456239890098,0.095370982407735,0.191387582913886,0.7843598663058631,99.0,99
194.34745018860824,129.03048491753472,144.35155388801726,118.83655533854169,71.7376437644048,82.692373046875,0.2922780598958524,129.154798187934,0.2456775462962781,118.99689691116896,0.127624475549778,82.79108661747685,0.8769369188747997,0.0880356066858078,0.2056552799281174,0.8766467894523421,98.0,98
195.33809837269305,129.14319173177083,145.07857136697626,118.85596354166668,75.16754561469278,82.56327560763889,0.3130060004340265,129.06397526765048,0.2626695855034559,118.81790324074072,0.1551916956018648,82.60079300130208,0.8715491815905747,0.0881651538861141,0.1217098501794362,0.8714436834986798,99.0,99
195.22990214760932,128.86657953559026,144.515613638378,118.57071158854168,74.41264419821917,82.56199110243055,0.3790139901620099,129.02298369502313,0.2893992078992857,118.72872452618634,0.0966975079571729,82.56649302662036,0.7848815016700377,0.166783291739268,0.1708087750563159,0.7829571581011058,99.0,98
195.7538141293564,129.00179134114583,145.1260510307218,118.716427734375,74.85339818401118,82.54147536892361,0.3837208369502453,128.92231908275463,0.3219952727141271,118.6219933738426,0.0994962167245493,82.54227669994212,0.8472272908615992,0.1573345689434717,0.1926444859507099,0.8489818819192857,99.0,98
194.56922289054287,128.94802170138888,143.9966708157884,118.74174663628472,70.43393554343271,82.60297243923611,0.2481747685185155,128.96218662832754,0.1943138925057955,118.72149983000578,0.1039886465567211,82.58079344256366,0.8554491424608994,0.1032000139543079,0.1334903519871718,0.8548040138111632,99.0,98
194.19398784998924,128.9860570746528,143.90557394808823,118.82631119791668,68.49496621566429,82.62350260416666,0.2608665690104051,129.01305268735533,0.2386979058159757,118.83045439814816,0.0948546296296257,82.60503308015046,0.9361995893229224,0.1162265890633981,0.1332369510664882,0.9366973805331792,99.0,98
193.9013840344426,128.76804437934027,143.52999219304715,118.59429242621528,67.86772789234443,82.73024175347223,0.3864936559606519,128.81460967158563,0.3677181966145515,118.66021820023148,0.1018295428240794,82.67837617910878,0.9534297916296098,0.2416778489814216,0.2245366968201849,0.9530539759909284,99.0,98
193.17641037406688,128.77626280381944,142.0679257060916,118.51926410590278,68.40087310795566,82.72777256944444,0.4383525969328796,128.84975006148727,0.3496756618923579,118.62056334997106,0.1317283926504737,82.73219353660302,0.7840168234399447,0.2017793277569422,0.2346158516315437,0.7846454741753199,99.0,98
192.74793882831136,128.6981863064236,140.98599855849542,118.37350303819444,68.94204930632377,82.699822265625,0.4722713216145895,128.64468701895254,0.3893924804687529,118.36574270471644,0.1183428493923504,82.72241012369793,0.7963130313059883,0.2502735012637277,0.2088903601890317,0.7964484250490087,99.0,98
193.65690652009053,128.6342234157986,142.02973944042333,118.36096538628472,70.61187947239529,82.72661707899306,0.415641399016214,128.7278675889757,0.3439853190104121,118.4141097981771,0.1321770833333246,82.70483374204282,0.8265971905522869,0.1373917102372129,0.2007499890711996,0.826155228220893,99.0,98
193.31427012621,128.7309133029514,141.61931082303892,118.46957899305556,69.04776025911075,82.68765939670138,0.3081248408564931,128.6451031141493,0.2597473488136586,118.38680953776044,0.1108413664641356,82.71895140335648,0.8734446067212732,0.1423805712034937,0.307468318375905,0.8730352269299829,99.0,99
192.93251684246283,128.56597862413193,140.85191787242437,118.33362543402777,66.74513038706331,82.75233181423611,0.3342370804398076,128.66754425998263,0.2971111545138764,118.41971948784722,0.1538489257812419,82.70638083043983,0.9042860823673994,0.1303251119076211,0.1520886739682265,0.904729159004694,99.0,98
192.6618020991965,128.72760948350694,140.55927421653112,118.42556022135416,68.27869502566618,82.76065570746528,0.308317740885415,128.64440278501158,0.2742988100405099,118.38118326099536,0.1072394531249917,82.76921206958913,0.9111188090974134,0.1701510375773322,0.181547436192708,0.9114976596302508,99.0,98
192.60917169718667,128.60797092013888,140.70363529110097,118.31843489583332,68.267103383431,82.7683718532986,0.306755617042819,128.66343000578703,0.2827053964120475,118.35255309606482,0.1197988208912145,82.75305529875577,0.94608804504918,0.0808822000277918,0.1120589026158912,0.9434178576261252,99.0,98
192.8418014948681,128.58344954427082,141.36475719983903,118.34904904513888,67.45524984337509,82.73869455295139,0.3021225151909704,128.63592855541089,0.2965656937210587,118.37611430483216,0.1281669921875149,82.76400362774885,0.9866830750705708,0.115335435680929,0.0679930437480278,0.9596868817181328,99.0,99
